<ipe creator="figtoipe 2007/09/26">
<info media="-595 -842 595 842"/>
<page>
<path  fill="0 0 0.564706">
1.44 0 -0 1.44 45 869 e
</path>
<path  stroke="0 0 0" pen="0.9">
0 842 m
45 869 l
</path>
<path  stroke="0 0 0" pen="0.9" arrow="5.4" cap="1">
0 815 m
0 923 l
</path>
<path  stroke="0 0 0" pen="0.9" arrow="5.4" cap="1">
-54 842 m
54 842 l
</path>
<text size="10" pos="40.5 873.5" stroke="0 0 0" transformable="yes" type="label">\emph{w}</text>
<text size="10" pos="40.5 833" stroke="0 0 0" transformable="yes" type="label">Re</text>
<text size="10" pos="4.5 909.5" stroke="0 0 0" transformable="yes" type="label">Im</text>
</page>
</ipe>
